Keyword,Frequency
bim,947
information,779
datum,728
building,602
management,429
base,419
system,407
study,332
design,296
city,282
technology,270
integration,260
construction,256
integrate,243
urban,238
build,237
application,230
analysis,229
project,227
paper,226
energy,225
develop,218
process,215
spatial,202
propose,196
method,191
ifc,181
different,176
development,171
digital,167
case,161
platform,158
indoor,158
provide,157
web,151
semantic,141
environment,137
present,135
standard,134
tool,130
infrastructure,129
work,127
also,124
support,124
need,120
object,119
level,119
space,116
planning,114
architectural,112
aim,111
smart,111
new,108
citygml,105
structure,104
visualization,102
include,101
software,100
area,97
time,95
order,95
require,94
simulation,94
architecture,93
gis,93
framework,93
maintenance,92
however,91
exist,90
various,88
scale,88
database,87
allow,87
increase,85
improve,85
data,85
apply,84
implementation,84
make,83
relate,83
field,82
heritage,81
well,80
challenge,79
network,79
problem,79
solution,78
service,77
potential,77
format,77
create,76
test,76
focus,76
facility,76
representation,75
manage,75
future,75
concept,74
user,74
requirement,72
complex,72
issue,71
implement,70
performance,70
show,69
feature,69
survey,68
engineering,68
operation,68
methodology,68
efficient,68
plan,67
geometric,67
map,66
many,66
high,66
bridge,65
class,64
site,64
represent,64
domain,63
enable,63
consider,62
purpose,61
historical,61
cultural_heritage,61
part,61
large,60
public,60
industry,59
generate,59
open,59
first,59
link,58
discuss,58
image,58
review,58
identify,56
analyze,56
assessment,56
asset,55
way,55
describe,55
mapping,54
virtual,54
combine,54
district,54
element,53
dynamic,53
strategy,53
land,52
road,52
type,51
technical,51
quality,51
phase,51
cost,50
multi,50
modeling,50
utilize,50
technique,50
control,49
main,49
knowledge,49
due,49
attribute,48
efficiency,47
detail,47
specific,47
enhance,47
graph,47
point_cloud,47
ontology,47
convert,46
become,46
investigate,46
important,46
change,46
point,46
sensor,46
facilitate,46
establish,46
environmental,45
therefore,45
geometry,45
define,45
task,45
demonstrate,44
function,44
source,44
paper_present,43
address,43
necessary,43
traffic,43
conversion,43
navigation,43
safety,43
query,43
coordinate,42
condition,42
location,42
monitor,42
involve,41
permit,41
context,41
component,41
several,40
activity,40
monitoring,40
lead,40
property,40
perform,40
sustainable,40
world,40
conservation,39
resource,39
compare,39
evaluation,39
detailed,39
set,39
stage,38
achieve,38
effective,38
risk,38
documentation,38
introduce,37
conduct,37
landscape,37
value,37
modelling,37
obtain,37
relationship,37
limitation,37
sector,36
algorithm,36
explore,36
reference,36
transformation,36
evaluate,36
key,36
suggest,36
possible,36
internet,35
historic,35
practice,35
device,35
characteristic,35
visual,35
scenario,35
exchange,34
share,34
rule,34
advanced,34
number,34
especially,34
stakeholder,34
physical,34
impact,34
dataset,34
file,33
effort,33
real,33
visualize,33
reduce,33
extend,33
aspect,33
view,32
low,32
year,32
multiple,32
state,32
national,32
construct,32
access,31
decision,31
recently,31
interaction,31
accurate,31
communication,31
give,31
demand,31
lack,31
form,31
available,31
collect,31
common,30
generation,30
help,30
railway,30
geobim,30
offer,30
goal,30
interest,30
addition,30
store,29
benefit,29
limit,29
recent,29
solve,29
particular,29
end,29
produce,29
intelligent,29
big,29
transportation,29
thus,29
possibility,28
assess,28
utility,28
measure,28
comprehensive,28
factor,28
find,27
take,27
procedure,27
real_time,27
select,27
adopt,27
advantage,27
carry,27
finally,27
check,26
term,26
creation,26
surface,26
definition,26
detection,26
program,26
useful,26
understand,26
community,26
direction,25
document,25
accuracy,25
ensure,25
processing,25
still,25
extension,25
significant,25
government,25
grow,25
life_cycle,25
basic,25
often,25
schema,25
traditional,24
transform,24
cadastral,24
language,24
optimization,24
concern,24
dimensional,24
campus,24
flow,24
regard,24
display,24
step,24
update,24
small,24
local,24
optimal,24
objective,24
solar,24
experience,23
prototype,23
civil,23
major,23
role,23
range,23
topic,23
reconstruction,23
entity,23
optimize,23
capability,23
transfer,23
critical,23
water,22
regulation,22
effect,22
examine,22
employ,22
fire,22
storage,22
follow,22
workflow,22
classification,22
experiment,22
outdoor,22
ground,22
structural,22
hbim,22
difference,22
accord,22
serve,21
mobile,21
collaboration,21
effectively,21
professional,21
thermal,21
utilization,21
content,21
inspection,21
analyse,21
comparison,21
face,21
built_environment,21
automatic,20
human,20
prediction,20
play,20
description,20
deep,20
mainly,20
european,20
article,20
basis,20
social,20
loss,20
currently,20
mean,20
contribute,20
interoperable,20
rdf,20
hand,20
drive,20
indoorgml,20
great,20
record,20
ai,20
disaster,20
municipality,20
relation,20
deal,20
automate,20
pipeline,19
noise,19
handle,19
effectiveness,19
ogc,19
residential,19
perspective,19
people,19
expect,19
economic,19
relevant,19
opportunity,19
practical,19
external,19
complete,19
overall,19
heterogeneous,19
cover,19
shape,19
emergency,19
efficiently,19
improvement,18
extract,18
contain,18
material,18
visualisation,18
collection,18
flood,18
start,18
derive,18
rich,18
technological,18
tunnel,18
segmentation,18
gap,18
parameter,18
decision_make,18
functional,18
surround,18
computer_aide,18
general,18
layer,18
entire,18
policy,18
complexity,18
static,17
attention,17
continuous,17
cultural,17
preliminary,17
determine,17
call,17
natural,17
large_scale,17
evacuation,17
widely,17
archaeological,17
life,17
transport,17
investigation,17
verify,17
difficult,17
operational,17
emission,17
drawing,17
non,17
exploit,17
detect,17
highlight,17
smart_citie,17
path,17
remain,17
illustrate,17
good,17
georeference,16
initial,16
holistic,16
graphic,16
product,16
validate,16
automatically,16
attempt,16
recent_year,16
load,16
modern,16
advance,16
country,16
acquire,16
distribution,16
three_dimensional,16
simulate,16
acquisition,16
previous,16
connect,16
even,16
innovative,16
import,16
index,16
computer,16
connection,16
early,16
specification,16
ch,16
room,16
pilot,16
overcome,16
suitable,16
able,16
underground,16
fast,15
power,15
international,15
weight,15
capture,15
fully,15
computational,15
essential,15
waste,15
pedestrian,15
increasingly,15
rapid,15
geological,15
university,15
restoration,15
designer,15
input,15
route,15
collaborative,15
importance,15
novel,15
status,15
drone,15
orient,15
growth,15
convergence,15
topological,15
realize,15
station,15
incorporate,15
scan,15
furthermore,15
conceptual,15
highly,15
expand,15
combination,15
group,15
last,15
art,15
damage,14
already,14
ongoing,14
progress,14
single,14
interior,14
influence,14
emerge,14
flexibility,14
finding,14
response,14
server,14
add,14
machine_learne,14
protection,14
researcher,14
edit,14
amount,14
know,14
school,14
characterize,14
ability,14
preservation,14
neighbourhood,14
iso,14
architect,14
unit,14
river,14
place,14
affect,14
come,14
right,14
learn,14
private,14
whole,14
respect,14
commonly,14
correlation,14
direct,13
interactive,13
laser_scanne,13
camera,13
operator,13
price,13
pattern,13
reason,13
ancient,13
lightweight,13
game_engine,13
productivity,13
wall,13
semantically,13
neighborhood,13
cause,13
reliable,13
scene,13
sustainability,13
consist,13
equipment,13
short,13
selection,13
seismic,13
get,13
speed,13
mechanism,13
thing,13
photogrammetry,13
things_iot,13
estimate,13
elsevier_ltd,13
literature,13
operate,13
conventional,13
situation,13
contribution,13
validation,13
organization,13
industrial,13
directly,13
core,13
digital_twin,13
parametric,13
territory,13
height,12
lot,12
individual,12
simple,12
unify,12
prepare,12
adoption,12
measurement,12
church,12
pv,12
renewable,12
ade,12
history,12
automation,12
calculation,12
supply,12
register,12
habitat,12
safe,12
easy,12
recognize,12
precise,12
together,12
full,12
digitization,12
size,12
publish,12
sketch,12
appropriate,12
commercial,12
library,12
bring,12
less,12
fluid,12
profile,12
reduction,12
numerous,12
namely,12
thematic,12
saving,12
accident,12
gain,12
significantly,12
associate,12
guideline,12
climate,12
co,12
distribute,12
light,12
outcome,12
author,12
planner,12
usually,12
kind,11
promise,11
health,11
vehicle,11
predictive,11
center,11
draw,11
stock,11
identification,11
reasoning,11
proposal,11
recognition,11
estimation,11
adapt,11
authority,11
target,11
authors_publishe,11
scientific,11
typical,11
manager,11
table,11
facade,11
embed,11
programming,11
typically,11
sense,11
applicability,11
lidar,11
depend,11
housing,11
account,11
multimodal,11
augmented_reality,11
consequently,11
capacity,11
crucial,11
georeferencing,11
online,11
surveying,11
innovation,11
dimension,11
line,11
dgis,11
verification,11
lifecycle,11
security,11
leverage,11
second,11
interface,11
consideration,11
reality,11
lod,11
strength,11
engineer,11
awareness,11
presentation,11
topology,11
business,11
moreover,11
promote,11
outline,11
monument,11
participant,11
society,11
compose,10
archive,10
window,10
engineering_geological,10
strong,10
company,10
highway,10
organize,10
category,10
ubiquitous,10
firstly,10
indicate,10
scope,10
terrain,10
diverse,10
rely,10
ibpsa,10
extensive,10
voxel,10
hospital,10
consistent,10
installation,10
secure,10
similar,10
vary,10
population,10
digitalization,10
export,10
earth,10
particularly,10
quantitative,10
green,10
consume,10
specifically,10
strategic,10
generative,10
continuously,10
additionally,10
much,10
conflict,10
viewer,10
alternative,10
always,10
valuation,10
usability,10
investment,10
conclusion,10
variety,10
locate,10
integrity,10
cloud_compute,10
dissemination,10
idea,10
viewpoint,10
predict,10
regional,10
analytical,10
hybrid,9
module,9
engine,9
segment,9
soc,9
integrated,9
weakness,9
thereby,9
aerial,9
formal,9
distance,9
cesium,9
criterion,9
alignment,9
barrier,9
accessible,9
decision_maker,9
limited,9
cadastre,9
central,9
standardze,9
remote_sense,9
internal,9
spatio_temporal,9
theoretical,9
side,9
uncertainty,9
ar,9
experimental,9
fusion,9
variable,9
nature,9
statistical,9
deliver,9
hydrodynamic,9
delivery,9
iot,9
original,9
climate_change,9
stf,9
machine,9
mega,9
centre,9
global,9
initiative,9
far,9
remote,9
oil,9
train,9
organisation,9
calculate,9
enrich,9
capable,9
testing,9
reach,9
photogrammetric,9
corridor,9
visibility,9
geometrical,9
massive,9
friendly,9
age,9
texture,9
settlement,9
region,9
confirm,9
depth,9
property_valuation,9
emphasize,9
sharing,9
game,9
actual,9
continue,9
comparative,8
constraint,8
health_monitore,8
neutral,8
semi,8
correspond,8
team,8
usage,8
rail,8
transition,8
forward,8
learning,8
post,8
electric,8
precinct,8
exterior,8
aid,8
scalability,8
maintain,8
latter,8
analytic,8
quantify,8
consistency,8
realistic,8
evolve,8
reflect,8
temporal,8
correct,8
legal,8
manner,8
office,8
understanding,8
deployment,8
decision_making,8
fact,8
nowadays,8
occur,8
edge,8
mpc,8
live,8
avoid,8
gather,8
accordingly,8
smoke,8
client,8
virtual_reality,8
precision,8
consequence,8
error,8
move,8
valuable,8
one,8
humanity,8
benchmark,8
equation,8
market,8
solid,8
today,8
morphological,8
json,8
behaviour,8
day,8
long,8
block,8
question,8
important_role,8
crisis,8
administration,8
arise,8
overview,8
evolution,8
behavior,8
go,8
intervention,8
spatially,8
ecological,8
period,8
brownfield,8
sub,8
mechanical,8
immersive,8
wide,8
third,8
interact,8
fine_graine,8
volume,8
generic,8
walk,8
option,8
tile,8
sample,8
insight,8
pre,8
panel,8
temperature,8
accurately,8
logical,8
solar_thermal,8
crosswalk,7
education,7
pavement,7
watershe,7
hydro,7
adaptation,7
intelligence,7
render,7
rendering,7
action,7
average,7
mesh,7
reliability,7
archaeology,7
cooperation,7
decide,7
caad,7
climatic,7
stability,7
waterfront,7
expansion,7
resilience,7
choose,7
consortium,7
primarily,7
gdf,7
classify,7
occlusion,7
guarantee,7
proper,7
intend,7
industry_foundation,7
geotechnical,7
controller,7
divide,7
unique,7
old,7
save,7
variation,7
holographic,7
census,7
cropmark,7
satisfaction,7
retrieval,7
theory,7
buffer,7
difficulty,7
ancient_architecture,7
apartment,7
czech_republic,7
conclude,7
grammar,7
execution,7
domestic,7
functionality,7
interpretation,7
run,7
academic,7
pipe,7
locomotion,7
rapidly,7
serious,7
deep_excavation,7
village,7
district_heate,7
delay,7
mixed,7
comprehensively,7
energy_consumption,7
boundary,7
implication,7
joint,7
buildingsmart,7
manual,7
rise,7
fundamental,7
practitioner,7
meet,7
real_estate,7
scheme,7
encode,7
relevance,7
encourage,7
refer,7
principle,7
instance,7
ambient,7
filter,7
discipline,7
overlap,7
introduction,7
exploration,7
promising,7
additional,7
systematic,7
sufficient,7
algae,7
suitability,7
daily,7
preserve,7
feasibility,7
metric,7
achievement,7
relational,7
cloud,7
owner,7
aec,7
protect,7
sparql,7
successfully,7
linkage,7
valid,7
widespread,7
openness,7
related,6
retain,6
hardware,6
vulnerability,6
robust,6
numerical,6
heat,6
partially,6
accessibility,6
multipatch,6
testbe,6
span,6
degradation,6
electrical,6
rehabilitation,6
intensive,6
owl,6
successful,6
emulator,6
interpret,6
child,6
hence,6
italian,6
department,6
foundation,6
streamer,6
independent,6
mathematical,6
cut,6
break,6
ultimately,6
look,6
plant,6
resident,6
final,6
monumental,6
belong,6
subsequently,6
uniform,6
displacement,6
rate,6
deep_learning,6
track,6
erosion,6
dedicate,6
uml,6
exposure,6
least,6
underground_pipeline,6
relocation,6
recording,6
prevention,6
carbon,6
powerful,6
helpful,6
terrestrial_laser,6
airport_pavement,6
qualitative,6
party,6
excavation,6
tackle,6
person,6
facial,6
reveal,6
registration,6
port,6
zone,6
synergy,6
wind,6
mode,6
self,6
position,6
long_term,6
popular,6
background,6
production,6
paradigm,6
express,6
medium,6
unified,6
merge,6
webbim,6
quickly,6
sensitivity,6
house,6
disposal,6
indicator,6
mostly,6
reconstruct,6
prevent,6
digitally,6
nevertheless,6
wall_painting,6
accomplish,6
undergo,6
sequence,6
compliance,6
bed,6
relatively,6
prove,6
beneficial,6
subsequent,6
label,6
expert,6
reuse,6
respectively,6
challenging,6
parcel,6
cer,6
occupancy,6
schedule,6
chinese_eastern,6
vr,6
clearly,6
meanwhile,6
hierarchical,6
couple,6
search,6
financial,6
resiliency,6
seamless,6
layout,6
comprise,6
gas_station,6
agency,6
date,6
cope,6
put,6
satellite,6
advancement,6
revolution,6
section,6
mobility,6
transmission,6
resolution,6
anthropocene,6
positive,6
abstract,6
positioning,6
secondly,6
geoinformation,6
inspire,6
code,5
multimodal_attention,5
institutional,5
instrument,5
webgl,5
chain,5
browser,5
elevation,5
name,5
showcase,5
brownfield_redevelopment,5
socio,5
cross_modal,5
sbir,5
metro_transfer,5
lose,5
ict,5
caption,5
morphology,5
instal,5
establishment,5
optimum,5
translation,5
summarize,5
profession,5
economy,5
begin,5
grid,5
boptest,5
raise,5
tract,5
relic,5
meta,5
density,5
separate,5
citizen,5
radar,5
priority,5
pgs,5
destructive,5
degree,5
partition,5
assume,5
town,5
retrieve,5
close,5
foster,5
inefficient,5
vision,5
geography,5
robotic,5
mention,5
hydropower,5
app,5
body,5
miss,5
floor,5
pombalino,5
photovoltaic,5
informed,5
active,5
characterise,5
integrating,5
bridgie,5
thread,5
collaborate,5
interlink,5
subsurface,5
urbanization,5
cfd,5
training,5
informative,5
output,5
emergy,5
numerical_simulation,5
permitting,5
draft,5
balance,5
fund,5
partner,5
analyzing,5
intuitive,5
earthwork,5
simplify,5
intersection,5
explain,5
occupant,5
maximize,5
situ,5
shift,5
largely,5
imagery,5
acceptance,5
structured,5
act,5
consumer,5
multilevel,5
appear,5
triple,5
comfort,5
mining,5
augment,5
visible,5
corresponding,5
accompany,5
empty,5
minimize,5
dimensionality,5
sand,5
provision,5
insar,5
master,5
airport,5
proof,5
science,5
version,5
memory,5
methodological,5
ontological,5
agricultural,5
approximate,5
style,5
overhang,5
constitute,5
strengthen,5
screen,5
routing,5
certain,5
compatibility,5
complaint,5
robot,5
sometimes,5
treat,5
flooding,5
batch,5
total,5
infrawork,5
adverse,5
consistently,5
indexing,5
association,5
spread,5
lur,5
laser_scanning,5
moment,5
event,5
intangible,5
blasting,5
discussion,5
walkability,5
tourism,5
enterprise,5
connectivity,5
clear,5
home,5
shapefile,5
intermediate,5
urbanism,5
horizontal,5
potentiality,5
prioritize,5
fair,5
journal,5
blender,5
military,5
etc,4
greatly,4
imaging,4
manufacture,4
empirical,4
success,4
observe,4
guide,4
horizon,4
calibrate,4
developer,4
technologie,4
masonry,4
orientation,4
remove,4
cartographic,4
similarity,4
capital,4
fourth,4
equivalent,4
push,4
universal,4
responsible,4
operating,4
respond,4
plumbing,4
igim,4
gnss,4
remotely,4
hgis,4
metal,4
repository,4
respective,4
ecosystem,4
theme,4
broad,4
actively,4
portion,4
actor,4
decade,4
simplified,4
match,4
neural,4
huge,4
print,4
top,4
applicable,4
urgent,4
regeneration,4
unsupervised,4
assist,4
former,4
questionnaire,4
almost,4
rethink,4
computing,4
score,4
tangible,4
receive,4
necessity,4
easily,4
ease,4
originate,4
next,4
synthetic,4
encoding,4
ram,4
ag,4
extended,4
underlie,4
opinion,4
differentiation,4
digitize,4
enhancement,4
administrative,4
fragment,4
observation,4
primary,4
attract,4
law,4
landmark,4
yet,4
categorize,4
dest,4
asinou,4
family,4
macro,4
api,4
genetic,4
meter,4
turn,4
nosql,4
yield,4
parallel,4
initiate,4
list,4
air,4
special,4
underpin,4
gas,4
relief,4
fix,4
thousand,4
artefact,4
fill,4
note,4
retrofit,4
thorough,4
abroad,4
compact,4
concrete,4
reinforce,4
concession,4
student,4
undertake,4
invest,4
diversity,4
availability,4
suffer,4
heavy,4
crop,4
initially,4
educational,4
imager,4
ever,4
proximity,4
geometrically,4
governmental,4
encounter,4
cluster,4
believe,4
conceive,4
infra,4
join,4
consequent,4
choice,4
scanning,4
breakthrough,4
dam,4
toolchain,4
promotion,4
configuration,4
demonstration,4
formulation,4
confront,4
political,4
commissioning,4
derivation,4
openstreetmap,4
align,4
correlate,4
pay,4
motivation,4
considerable,4
maximum,4
gasoline,4
physics,4
roadway,4
resolve,4
quantity,4
medical,4
gradually,4
enough,4
aggregate,4
earthquake,4
cell,4
gaming,4
little,4
pillar,4
exit,4
privacy,4
roof,4
skill,4
adjustment,4
correction,4
official,4
interoperate,4
heating,4
elaborate,4
visually,4
voxelisation,4
histsfc,4
reserve,4
extraction,4
vote,4
perceive,4
proprietary,4
progression,4
graphical,4
try,4
bsd,4
mix,4
localization,4
course,4
lens,4
rather,4
assumption,4
text,4
pose,4
integrative,4
coordination,4
workload_distribution,4
contractor,4
expensive,4
quite,4
harbor,4
roadmap,4
sql,4
dashboard,4
gml,4
specialized,4
typology,4
deer,4
conference,4
aware,4
replace,4
pertain,4
cognitive,4
blast,4
triplestore,4
optimise,4
street,4
artifact,4
convenience,4
viable,4
tr,4
cim,4
concentrate,4
plainsfc,4
seamlessly,4
determination,4
licensing,4
thinking,4
open_source,4
assesse,3
chance,3
micro,3
territorial,3
enabler,3
focused,3
poor,3
computationally,3
grasp,3
virtually,3
fly,3
sized,3
prominent,3
kinetic,3
instead,3
stream,3
expression,3
subspace,3
interchange,3
motor,3
logic,3
door,3
preparation,3
hot,3
half,3
synergistic,3
simultaneously,3
twin,3
terminal,3
head,3
switch,3
overlay,3
streamline,3
contract,3
hydropote,3
opportunitie,3
wound,3
popularity,3
treatment,3
graphically,3
ance,3
cross,3
strongly,3
experimentation,3
fisheye,3
tree,3
momentum,3
digitisation,3
opteemal,3
square,3
reform,3
tend,3
tailor,3
sensitive,3
builder,3
guidance,3
meteorological,3
neglect,3
specify,3
interreg,3
logistic,3
video,3
welfare,3
bind,3
vital,3
potentially,3
dynamizer,3
semantically_enriche,3
fruition,3
hypothetical,3
notably,3
outlook,3
electricity,3
fall,3
improved,3
occlude,3
movement,3
pandemic,3
labelling,3
package,3
seek,3
procedural,3
closely,3
floor_plan,3
unglaze,3
recommend,3
localize,3
interview,3
hierarchically,3
differ,3
discharge,3
substation,3
bank,3
fulfil,3
geojson,3
retreat,3
textual,3
extra,3
negative,3
bottom,3
hard,3
sedimentary,3
meander,3
abstraction,3
lbsf,3
firm,3
inherent,3
personnel,3
vertical,3
propagation,3
approval,3
geovisual,3
recycling,3
footprint,3
lately,3
slope,3
ministry,3
publicly,3
completeness,3
dependent,3
geodetic,3
morphodynamic,3
bend,3
sound,3
merit,3
significance,3
sufficiently,3
afford,3
baseline,3
geotab,3
borefield,3
handheld,3
institution,3
portfolio,3
constantly,3
starting,3
problematic,3
kinematic,3
etl,3
absolute,3
participation,3
cooperative,3
insufficient,3
motivate,3
slod,3
crowdsource,3
see,3
thank,3
true,3
dynamo,3
pcm,3
send,3
forecasting,3
latent,3
fme,3
lightweighting,3
fabric,3
routine,3
vector,3
interconnection,3
concentration,3
partly,3
signal,3
middleware,3
restitution,3
photo,3
extent,3
warning,3
agent,3
dormitory,3
cityjson,3
tls,3
agenda,3
multiprocesse,3
semantically_enriched,3
outlier,3
necessitate,3
decrease,3
recognise,3
rejection,3
jhbim,3
formation,3
timber,3
restore,3
cad,3
subimage,3
outperform,3
virtualization,3
functionalitie,3
think,3
economical,3
medieval,3
deduce,3
lastly,3
protocol,3
loading,3
multispectral,3
excavate,3
adequate,3
feedback,3
subjective,3
editor,3
retrofitting,3
agriculture,3
forestry,3
eventually,3
healthy,3
megaproject,3
xml,3
sfce,3
usefulness,3
timely,3
failure,3
specialist,3
repair,3
free,3
correctly,3
heterogeneity,3
layered,3
intuitively,3
lighten,3
clarify,3
adaptive,3
communicate,3
drastically,3
pressure,3
translate,3
competition,3
complementary,3
car,3
navigable,3
ownership,3
china,3
formally,3
completely,3
expertise,3
considerably,3
island,3
modular,3
muddi,3
realization,3
explicitly,3
provider,3
swg,3
exploitation,3
convenient,3
encompass,3
simulated,3
era,3
refined,3
annotate,3
multiscale,3
invisible,3
fault,3
radius,3
radical,3
deep_learne,3
convolutional,3
neighbor,3
accelerate,3
restriction,3
sfc,3
vice,3
movable,3
passive,3
compute,3
attain,3
suit,3
north,3
compatible,3
setup,3
volunteer,3
weather,3
pollutant,3
bear,3
bimetal,3
decay,3
zif,3
fuzzy,3
inner,3
dominant,3
th_century,3
player,3
budget,3
modelica,3
organic,3
purchase,3
borehole,3
precisely,3
conserve,3
meeting,3
transparency,3
satisfy,3
easement,3
coverage,3
rarely,3
deploy,3
reproduce,3
biological,3
octree,3
certification,3
staff,3
title,3
remediation,3
character,3
living,3
subsystem,3
coupling,3
descriptive,3
penetrate,3
generally,3
productive,3
archival,3
disadvantage,3
hazard,3
restrict,3
steel,3
emergency_response,3
ignore,3
historian,3
dramatically,3
visualise,3
trunk,3
preventive,3
personal,3
irregular,3
voting,3
agreement,3
absence,3
baroque,3
word,3
command,3
gvm,3
issuance,3
primitive,3
synchronization,3
healthcare,3
previously,3
tibetan,3
tbe,3
quasi,3
deficiency,3
urbanisation,2
attach,2
county,2
blue,2
geomatic,2
theatre,2
informatization,2
engagement,2
programme,2
south,2
nuclear,2
suggestion,2
intergrate,2
constructive,2
coherent,2
park,2
stand,2
verhulst,2
standardse,2
recycle,2
organism,2
narrow,2
chosun,2
resilient,2
exhaustive,2
gvmm,2
contemporary,2
pollution,2
complicate,2
minimal,2
lbs,2
contact,2
affair,2
srt,2
inconsistency,2
electron,2
reverse,2
standardsation,2
mount,2
validity,2
species,2
esim,2
compromise,2
geomatics,2
abundant,2
specialization,2
statistic,2
recovery,2
meaningful,2
unstructured,2
silo,2
renovation,2
globe,2
cafm,2
castle,2
liter,2
assign,2
versatility,2
ion,2
estate,2
gamher,2
municipal,2
neighbour,2
refine,2
mask,2
defect,2
isolate,2
masking,2
photocatalysis,2
sale,2
egovernment,2
jurisdiction,2
examination,2
broaden,2
exploratory,2
improperly,2
uniformity,2
notion,2
intruder,2
organically,2
umbrella,2
trust,2
cbr,2
kill,2
sbum,2
stratify,2
bibliometric,2
adjacent,2
polish,2
biology,2
groundwater,2
planet,2
return,2
recurrent,2
diaphragm,2
soil,2
finite,2
extremely,2
matter,2
jointly,2
hundred,2
connected,2
dilation,2
appropriately,2
card,2
adaptively,2
quantification,2
ecology,2
revision,2
obstacle,2
heavily,2
dot,2
unification,2
ready,2
exponentially,2
landscaping,2
microclimate,2
procure,2
confusion,2
restructure,2
geodesign,2
metadata,2
recur,2
want,2
seville,2
grind,2
atria,2
typological,2
vocabulary,2
oversight,2
advocate,2
megaface,2
geology,2
webctrl,2
replacement,2
bias,2
evidence,2
frequent,2
rental,2
bidding,2
trace,2
valorization,2
overseas,2
minimum,2
argue,2
skewed,2
prior,2
curve,2
request,2
societal,2
disseminate,2
point_clouds,2
mms,2
workload,2
shelter,2
overhead,2
alleviate,2
constant,2
bound,2
compile,2
consumption,2
linear,2
checking,2
clod,2
bury,2
weak,2
chinese,2
assignment,2
forest,2
tbs,2
partnership,2
parisian,2
commit,2
matrix,2
overhaul,2
organizational,2
entry,2
atmospheric,2
trench,2
rpa,2
profit,2
macroeconomic,2
sociologist,2
airborne,2
methodical,2
magnitude,2
shear,2
cage,2
frontal,2
resistance,2
versioning,2
beam,2
attractive,2
ninja,2
relieve,2
overlapped,2
nation,2
analogy,2
grain,2
fraction,2
matching,2
expose,2
cyclic,2
regular,2
manually,2
incur,2
autonomous,2
systematically,2
hour,2
relative,2
basex,2
none,2
insm,2
presenting,2
release,2
activation,2
cycle,2
contextual,2
lookup,2
envision,2
evaluating,2
critically,2
karmiotissa,2
motion,2
distortion,2
brief,2
rapeseed,2
plugin,2
bridging,2
partial,2
overlook,2
dense,2
bibliographical,2
ambition,2
mashup,2
dismantle,2
subspacing,2
urgently,2
federate,2
pdm,2
essentially,2
drainage,2
decorate,2
instruction,2
schemata,2
convention,2
formalization,2
machine_learning,2
temple,2
annotation,2
subcommittee,2
stair,2
household,2
laser_scann,2
hydraulic,2
allocate,2
approximately,2
successive,2
quick,2
offline,2
isat,2
rom,2
airflow,2
happen,2
tabulation,2
symbolic,2
inhabitant,2
worker,2
areal,2
supportive,2
figure,2
percent,2
allocation,2
ntua,2
variant,2
array,2
greenhouse,2
raster,2
sunrise,2
classified,2
topographical,2
acceptable,2
openai,2
identical,2
tailing,2
openmodelica,2
ventilation,2
destruction,2
occurrence,2
disappear,2
bobt,2
benchmarke,2
anticipate,2
cool,2
standpoint,2
shortcoming,2
dt,2
voltage,2
desktop,2
consensus,2
disturbance,2
tendency,2
conop,2
reinforcement,2
gym,2
environmentally,2
physically,2
tourist,2
exact,2
bi,2
necessarily,2
wearable,2
shared,2
aforementione,2
interesting,2
axle,2
profound,2
summarise,2
discover,2
mature,2
spectrum,2
host,2
interrelation,2
terrestrial,2
rotterdam,2
reading,2
properly,2
preferable,2
uplift,2
vast,2
operationally,2
satisfied,2
geoa,2
collective,2
mark,2
js,2
scientist,2
isolation,2
fit,2
auim,2
equip,2
workshop,2
scarcely,2
fidelity,2
unnecessary,2
ratio,2
imply,2
golden,2
template,2
haol,2
sphere,2
ecija,2
mill,2
worldwide,2
organisational,2
comparable,2
lighting,2
modify,2
back,2
costly,2
alert,2
preparedness,2
dependency,2
olive,2
existent,2
scanner,2
conform,2
overarching,2
technic,2
periodical,2
downstream,2
publication,2
nasif,2
substantially,2
convey,2
trip,2
round,2
patrimonial,2
mass,2
generalized,2
dim,2
pass,2
surveillance,2
notation,2
elaboration,2
temporary,2
upgradeable,2
crack,2
classic,2
occupation,2
precedent,2
proceeding,2
write,2
simply,2
touristic,2
supplement,2
parking,2
entrance,2
totally,2
originally,2
working,2
permission,2
collapse,2
spring,2
affected,2
mutual,2
excellent,2
wave,2
ifcalignment,2
induce,2
lateral,2
geodatabase,2
possibly,2
abandon,2
representative,2
viaduct,2
separately,2
routinely,2
viability,2
raw,2
drawback,2
proportion,2
nd,2
ad,2
regularly,2
mismatch,2
notable,2
complement,2
courtyard,2
culture,2
bad,2
locational,2
force,2
enormous,2
rank,2
wood,2
frame,2
used,2
demonstrator,2
intention,2
satisfying,2
transurban,2
associated,2
century,2
laser,2
adaptability,2
comprehend,2
warn,2
complementarity,2
oracle,2
fitness,2
individually,2
inquiry,2
radiation,2
bottleneck,2
centreline,2
customize,2
compliant,2
rural,2
portable,2
tablet,2
discrete,2
usable,2
quo,2
topography,2
pursue,2
aecoo,2
isovist,2
iea,2
ask,2
subpart,2
postgresql,2
appraisal,2
ifcopenshell,2
judgment,2
geobimm,2
engage,2
disclose,2
unlock,2
amalgamation,2
later,2
extensible,2
coherence,2
extensively,2
native,2
mandate,2
unity,2
unmanned,2
cartesian,2
surrounding,2
modification,2
plenty,2
appearance,2
designing,2
harmonize,2
auspex,2
reconcile,2
ontologie,2
rrr,2
inevitably,2
similaritie,2
flexible,2
openbim,2
fieldwork,2
linguistic,2
vanish,2
opera,2
intensity,2
mountain,2
traditionally,2
endeavour,2
mathematically,2
diagram,2
required,2
polygonal,2
division,2
microalgae,2
competence,2
weijingxe,2
voice,2
gathering,2
heart,2
recommendation,2
tolerance,2
sensory,2
shadow,2
inevitable,2
likely,2
fine,2
adversely,2
meaning,2
rooftop,2
rebuild,2
stem,2
lesson,2
essay,2
patient,2
lie,2
customization,2
electronic,2
pro,2
keep,2
subdivision,2
comfortable,2
humidity,2
focusse,2
acknowledge,2
perception,2
globalization,2
configure,2
threat,2
phenomenon,2
rectangular,1
reasonable,1
distort,1
netsim,1
adequately,1
avoidable,1
prefabricate,1
lay,1
ronment,1
disrupt,1
reformulate,1
cladding,1
payback,1
corn,1
colour,1
pump,1
net,1
charge,1
flight,1
programmed,1
residual,1
rhinoceros,1
invasive,1
football,1
czech,1
predefine,1
locality,1
pitch,1
operandi,1
phenomena,1
polycultural,1
unglazed,1
aesthetically,1
appeal,1
denmark,1
stfs,1
ctineve,1
danish,1
inclination,1
imitate,1
geothermal,1
superb,1
disagree,1
readable,1
prescribed,1
formulate,1
cscms,1
shortly,1
dwell,1
dwelling,1
detriment,1
imitation,1
performing,1
flat,1
formality,1
rigorously,1
inertia,1
desire,1
ence,1
emulation,1
responsibility,1
sacrifice,1
peer,1
confer,1
actuation,1
substantial,1
transit,1
integral,1
copyright,1
burden,1
classical,1
subprocesse,1
philosophy,1
dedicated,1
bud,1
insolation,1
fundament,1
instantiate,1
specially,1
angle,1
frequently,1
horizontally,1
slight,1
doe,1
precedence,1
deviation,1
hereby,1
detach,1
tuning,1
disjointed,1
customary,1
decentralized,1
teaching,1
discontinuous,1
tubular,1
cooling,1
contracting,1
licensed,1
approximator,1
inaccurate,1
tremendous,1
around,1
laborious,1
hvac,1
forth,1
incompatible,1
bio,1
pile,1
reactor,1
aeco,1
exchanger,1
sequentially,1
versa,1
conversation,1
prefer,1
dangerous,1
frustration,1
front,1
float,1
infrequent,1
contrast,1
refurbishment,1
tb,1
evaluated,1
dps,1
ultra,1
degeneration,1
deterioration,1
duality,1
fpr,1
false,1
inhomogeneous,1
azzone,1
levelling,1
accumulate,1
employing,1
envi,1
val,1
clean,1
manufacturer,1
shantytown,1
outsourced,1
spatialize,1
landuse,1
clash,1
inventory,1
dity,1
staircase,1
axis,1
eg,1
subdivide,1
tank,1
fortified,1
fishpond,1
facilitation,1
iconographic,1
photographic,1
turbine,1
safeguarding,1
poorly,1
unknown,1
seriously,1
diverge,1
fluent,1
coexist,1
alteration,1
zestful,1
exemplary,1
vertically,1
shield,1
earn,1
counter,1
sight,1
unfavorable,1
supervision,1
await,1
eagerly,1
never,1
working_group,1
sponsor,1
populate,1
prototyping,1
itemize,1
ideal,1
sudden,1
nice,1
histogram,1
html,1
coordinator,1
intensify,1
pedagogical,1
amend,1
libackpack,1
greenvalley,1
geoslam,1
reachable,1
backpack,1
adaptor,1
slam,1
sheltered,1
roofed,1
rainy,1
entirely,1
shareholder,1
unfamiliar,1
contention,1
gdp,1
mediate,1
bedrock,1
dispersion,1
tax,1
harmonisation,1
complicated,1
manufacturing,1
milestone,1
centralised,1
historically,1
geohazard,1
detector,1
rescue,1
rational,1
mineral,1
exhibit,1
ambiguous,1
ranking,1
averse,1
cscm,1
perfect,1
neural_network,1
cite,1
scalable,1
favor,1
lease,1
modelserver,1
requisite,1
straighten,1
acronym,1
young,1
dimmer,1
smartphone,1
oblige,1
vault,1
unitary,1
critic,1
permanent,1
diagnose,1
tar,1
verication,1
identication,1
remarkably,1
brick,1
legacy,1
misstatement,1
fighting,1
pricing,1
functionalized,1
reusability,1
peculiarity,1
imagine,1
aggregation,1
reusable,1
liveability,1
tranquillity,1
articulate,1
cognitively,1
discontinuity,1
zip,1
progressive,1
unregulate,1
metropolis,1
horn,1
mitigate,1
succeed,1
indication,1
diversification,1
lifelike,1
really,1
deliverable,1
aggregative,1
tying,1
deformation,1
javascript,1
inter,1
secondary,1
dynamically,1
compilation,1
boost,1
utilizing,1
candidate,1
plurality,1
banja,1
sneak,1
slide,1
peak,1
inefficiency,1
dpi,1
packet,1
merely,1
realtime,1
vendor,1
swrl,1
spur,1
resillience,1
gravity,1
practicability,1
illustrative,1
readjust,1
saturation,1
actually,1
japanese,1
upgrade,1
delegate,1
distinction,1
comply,1
nonetheless,1
enliven,1
submission,1
redeveloping,1
keynote,1
extraneous,1
civic,1
objectively,1
localized,1
traversal,1
slow,1
republication,1
blank,1
roller,1
millennium,1
submarket,1
countywide,1
cuyahoga,1
policymaker,1
member,1
broadening,1
hazardous,1
underscore,1
responsive,1
performer,1
standardzing,1
finance,1
convincing,1
offering,1
runoff,1
stormwater,1
impervious,1
리질리언스,1
theroretical,1
leave,1
debate,1
rtas,1
death,1
hardly,1
accommodate,1
permeation,1
transaction,1
straight,1
thematically,1
fm,1
rollback,1
aisle,1
watershed,1
interpolation,1
inverse,1
pollute,1
accidental,1
mathematic,1
endanger,1
southwestern,1
nod,1
densely,1
soundproof,1
quiet,1
psychological,1
indirect,1
dissatisfaction,1
ambiguity,1
coherently,1
announce,1
acid,1
rta,1
changwon,1
ferry,1
thought,1
notice,1
habor,1
rdbms,1
stable,1
atomicity,1
intensively,1
waterworks,1
disconnection,1
backdudaegan,1
threshold,1
chuncheon,1
biodiversity,1
die,1
animal,1
decline,1
fragmentation,1
durability,1
income,1
causal,1
nearby,1
expecially,1
tapering,1
entropy,1
subpixel,1
omission,1
default,1
concentrated,1
basement,1
deteriorate,1
rimgis,1
integratedly,1
quantitatively,1
turnover,1
man,1
combinede,1
police,1
optical,1
abnormal,1
crime,1
heatstroke,1
cold,1
storm,1
collecting,1
altinum,1
circumstance,1
premise,1
labeling,1
focusnation,1
ernativespatial,1
dbmss,1
omniclass,1
hurdle,1
unspecifie,1
ser,1
desirable,1
streaming,1
propagate,1
applied,1
consturuction,1
cooperate,1
roman,1
reader,1
plate,1
nameplate,1
developmentt,1
speedy,1
eye,1
naked,1
install,1
artificial,1
auxiliary,1
orbit,1
degraded,1
adsorb,1
molecule,1
makethe,1
lattice,1
zinc,1
cobalt,1
methylene,1
catalytic,1
equal,1
interestingly,1
adsorption,1
solvothermal,1
contextualize,1
znmetal,1
catalysis,1
dft,1
zifs,1
incident,1
clinical,1
taxation,1
ing,1
catalyst,1
attachment,1
ph,1
disease,1
infectious,1
drug,1
phone,1
magnetization,1
engineerig,1
docking,1
independently,1
confirmation,1
resurvey,1
purposeful,1
compositeness,1
apparatus,1
ware,1
mb,1
electronsbee,1
homo,1
lumo,1
orbital,1
tetracycline,1
substrate,1
pleasant,1
crowd,1
sequel,1
theoretic,1
advise,1
rating,1
polynomial,1
non_linear,1
practicality,1
empirically,1
informatic,1
modal,1
prone,1
backbone,1
maker,1
saref,1
extinguisher,1
inspace,1
xplangml,1
license,1
weijingxing,1
seldom,1
reception,1
adjacency,1
localisation,1
imaginable,1
centralized,1
sematic,1
diagnostic,1
metrology,1
mlsem,1
formerly,1
nonnavigable,1
autonomously,1
distinctiveness,1
ill,1
peri,1
discretise,1
rain,1
diaprem,1
ferrara,1
wayfinding,1
imaginative,1
sign,1
noticeable,1
spend,1
forl,1
crmgeo,1
legislation,1
granularity,1
multifaceted,1
voc,1
swim,1
enjoy,1
natively,1
sweden,1
homeland,1
bidirectional,1
unidirectional,1
exactly,1
pave,1
refining,1
integrability,1
identifie,1
aiming,1
delineation,1
remark,1
discusse,1
storey,1
thesis,1
incremental,1
thirdly,1
threefold,1
inform,1
measuring,1
pest,1
bes,1
energyplus,1
correctness,1
reconstructing,1
itinere,1
ethical,1
execute,1
familiar,1
evoke,1
kadaster,1
argument,1
vertice,1
identifier,1
readily,1
publishment,1
hierarchy,1
pixel,1
volumetric,1
tentative,1
interconnect,1
gauge,1
richvoxel,1
blenderbim,1
expediently,1
feasible,1
cesiumj,1
incl,1
embedding,1
probide,1
treatise,1
preprocessing,1
liang,1
walking,1
sible,1
money,1
counting,1
sophisticated,1
relocate,1
positional,1
accessability,1
enter,1
rcs,1
twinmotion,1
song,1
adoptability,1
initiation,1
dynasty,1
qe,1
foreign,1
pricey,1
crawl,1
employment,1
theextracte,1
bimfile,1
extractionof,1
alleviatesthe,1
buyer,1
promotional,1
subway,1
fuel,1
collusion,1
implicit,1
regression,1
autocorrelation,1
probe,1
tour,1
container,1
west,1
testify,1
cyberspace,1
smartization,1
mechanized,1
facilitating,1
lightweighte,1
replicate,1
andengineering,1
thebarrier,1
forego,1
progess,1
workin,1
vibration,1
principally,1
capabilitie,1
disuse,1
slowly,1
past,1
academia,1
geodata,1
geogrpahic,1
revise,1
stimulate,1
inputte,1
unchanged,1
incompatibility,1
bimvision,1
origin,1
epsg,1
smooth,1
ovs,1
infrabim,1
subtraction,1
glb,1
autimatic,1
congestion,1
usecase,1
austrian,1
extern,1
ibum,1
brought,1
competitiveness,1
abandonment,1
randomly,1
allbraro,1
industrie,1
tone,1
depletion,1
시스템,1
allbaro,1
packaging,1
federated,1
innovate,1
renew,1
km,1
minute,1
gtx,1
recalculate,1
tunneling,1
presently,1
syntactic,1
agree,1
entitie,1
projection,1
morpho,1
migration,1
geodesy,1
reasoner,1
verifying,1
ivr,1
situate,1
innovatively,1
visuospatial,1
polygon,1
diachronic,1
restorer,1
behavioral,1
occupancie,1
elevator,1
buildingsm,1
visit,1
directive,1
unexplored,1
loka,1
transposition,1
analogue,1
internship,1
itwin,1
moselle,1
vosge,1
winter,1
authoritative,1
summer,1
admissible,1
neighbouring,1
bankfull,1
width,1
coarse,1
sediment,1
press,1
upstream,1
haul,1
converge,1
defluviation,1
destabilize,1
riim,1
ordinance,1
overshadow,1
victorian,1
spatio,1
minimizing,1
paint,1
parallelly,1
photography,1
specificity,1
hamper,1
contexts,1
reciprocal,1
garner,1
authenticity,1
setting,1
harmonized,1
affiliate,1
foreseen,1
unwanted,1
unexpected,1
organise,1
usual,1
dispose,1
ton,1
synchronize,1
definitely,1
undefended,1
absolutely,1
vineyard,1
satbayev,1
dji,1
inspect,1
phantom,1
smoothly,1
progressively,1
distress,1
worthy,1
patch,1
triangular,1
million,1
parse,1
generalize,1
shell,1
outer,1
truth,1
generalization,1
pioneer,1
cataloging,1
recreate,1
notification,1
quickbird,1
operationalize,1
brainstorming,1
irradiation,1
foothill,1
extrusion,1
outstrip,1
avr,1
fuzzily,1
agrarian,1
sober,1
swot,1
validated,1
inherit,1
ipmi,1
picture,1
unabridged,1
read,1
periphery,1
therein,1
conjoin,1
incorporated,1
incorporation,1
revolutionary,1
velocity,1
passage,1
profoundly,1
embankment,1
infrastructural,1
panchromatic,1
designate,1
pinpoint,1
shed,1
adjust,1
superimpose,1
consolidated,1
virtue,1
digitalisation,1
viz,1
collate,1
fragmented,1
optioneere,1
middle,1
constrain,1
newly,1
hope,1
stationary,1
entitys,1
permanence,1
furnishing,1
tangibility,1
careful,1
defy,1
amenable,1
portal,1
hydrographical,1
disciplinary,1
interference,1
underused,1
decarbonisation,1
contrary,1
grammarbase,1
internationally,1
cityinduction,1
politician,1
florence,1
say,1
predominantly,1
trial,1
semanticweb,1
supplier,1
consultant,1
defective,1
otls,1
otl,1
procurement,1
director,1
unused,1
populous,1
cityengine,1
stride,1
quantitaive,1
forecast,1
seimic,1
anthropogenic,1
ring,1
doubt,1
channel,1
rescult,1
piece,1
timeliness,1
conservator,1
holistically,1
insert,1
internally,1
externally,1
printing,1
western,1
elsevier,1
unprecedented,1
humane,1
probabilistic,1
expeditious,1
catalog,1
mlazio,1
seem,1
archi,1
info,1
paperdiscusse,1
northof,1
touch,1
statement,1
recursive,1
successively,1
trade,1
casualty,1
disastersrecent,1
cryptocurrency,1
invent,1
confidence,1
comparatively,1
modeland,1
categorization,1
triangulate,1
escape,1
dispatch,1
consolidation,1
distinctive,1
archeologist,1
imprecise,1
fca,1
directional,1
surpass,1
emergence,1
revolutionise,1
tariff,1
delve,1
attitude,1
gear,1
steady,1
series,1
eam,1
profiling,1
lifetime,1
actuator,1
inadequacy,1
painting,1
answer,1
crss,1
evident,1
rigid,1
assure,1
unambiguous,1
implementer,1
closerthan,1
fartherthan,1
sustain,1
participate,1
slider,1
groger,1
autodesk_revit,1
python,1
competency,1
keeper,1
contaminate,1
acceleration,1
tradition,1
extinction,1
attribution,1
culturally,1
nuanced,1
potencial,1
disusse,1
intangibility,1
religious,1
interpreting,1
intrinsically,1
prospect,1
decommissioning,1
accessway,1
sustainably,1
converting,1
scoping,1
timeline,1
onward,1
determined,1
mazury,1
warmia,1
council,1
photorealistic,1
afterwards,1
longevity,1
cutout,1
automatization,1
cen,1
dataflow,1
readiness,1
consolidate,1
certified,1
methodologie,1
demolish,1
signature,1
invite,1
threaten,1
survive,1
repeatedly,1
deserted,1
reproducibility,1
cagnano,1
freely,1
usercentric,1
auspicious,1
maturity,1
koycegiz,1
systemic,1
isprs,1
maybe,1
vge,1
locating,1
zoning,1
formalizing,1
dynamical,1
stone,1
valorisation,1
alpstone,1
concerned,1
found,1
architectonic,1
classroom,1
cdaea,1
curricula,1
unavailable,1
eurosdr,1
instructor,1
independence,1
inconsistent,1
unclearly,1
gns,1
ruian,1
ecpecially,1
bucket,1
iskn,1
geoinfostrategy,1
mind,1
tight,1
geoinfostartegy,1
eggovernment,1
receiver,1
realism,1
diminish,1
ensured,1
canopy,1
lost,1
impossible,1
senior,1
coordinated,1
lecture,1
graduate,1
varano,1
onsite,1
irreplaceable,1
sunday,1
visitor,1
fence,1
villa,1
farmhouse,1
exclude,1
tall,1
lawn,1
unfeasible,1
harvest,1
hologram,1
obstruction,1
separation,1
chimney,1
cyber,1
completion,1
dormer,1
conditioning,1
balcony,1
hut,1
wellness,1
coexistence,1
undergraduate,1
immerse,1
covid,1
breakdown,1
georeferenced,1
quarter,1
aperture,1
deficit,1
interferometric,1
exhaustively,1
health_monitoring,1
defend,1
ascend,1
swe,1
restful,1
fossil,1
manoeuvre,1
favour,1
headset,1
oppose,1
euclideon,1
silent,1
diameter,1
favorably,1
hypothesis,1
nonlinear,1
red,1
min,1
synthesis,1
diagnosis,1
interruption,1
hmds,1
textured,1
topical,1
hmd,1
grade,1
obsolescence,1
nir,1
splice,1
governance,1
moorland,1
inaccessible,1
pure,1
ebee,1
cm,1
aircraft,1
piloted,1
ecologically,1
biosphere,1
temporality,1
portuguese,1
derived,1
hype,1
inexperience,1
compulsory,1
viewport,1
regulatory,1
disjoin,1
career,1
administrate,1
reside,1
planetarium,1
disjoint,1
islamic,1
ultimate,1
pushover,1
campaign,1
manuscript,1
using,1
book,1
briefly,1
downtown,1
arguably,1
buzzword,1
ndvi,1
copious,1
reservation,1
sponsorship,1
editing,1
studio,1
sharply,1
advent,1
fe,1
laboratory,1
todate,1
wish,1
ontarian,1
complimented,1
discrepancy,1
migrate,1
migrating,1
densify,1
ontario,1
metering,1
disaggregate,1
ep,1
brand,1
analog,1
indeed,1
unable,1
revenue,1
resulted,1
ordinary,1
unleash,1
underline,1
hinder,1
leveling,1
dgeoinfo,1
fertile,1
dust,1
disperse,1
noxious,1
preface,1
normal,1
insulation,1
override,1
atmosphere,1
searching,1
tender,1
launch,1
mandatory,1
essence,1
propertys,1
extraordinary,1
entirety,1
inaccessibility,1
fortunately,1
expense,1
queue,1
novelty,1
eliminate,1
threading,1
gpu,1
cpu,1
preference,1
parallelism,1
daylight,1
multithreaded,1
netherland,1
netherlands,1
nma,1
countrywide,1
avenue,1
vibrancy,1
interlinked,1
commitment,1
subjectively,1
emphasis,1
ensue,1
codebase,1
travel,1
lettable,1
endless,1
injury,1
disposition,1
compelling,1
hide,1
nestle,1
balkan,1
expressiveness,1
shacl,1
prosperous,1
expectation,1
endpoint,1
fierce,1
richness,1
workbench,1
concurrently,1
exhibition,1
outset,1
solely,1
jam,1
revelation,1
conserving,1
critique,1
gross,1
millimetric,1
rrrs,1
richly,1
heuristic,1
generalisation,1
rare,1
lower,1
broadly,1
sophisticate,1
labour,1
planar,1
ransac,1
scatter,1
random,1
judge,1
valve,1
utilitys,1
untested,1
journey,1
wignacourt,1
fountain,1
managerial,1
museum,1
ladm,1
commercially,1
like,1
cluttered,1
synthesize,1
proposition,1
percieve,1
pursuit,1
palace,1
ducal,1
ifcowl,1
near,1
dgcnn,1
moulding,1
automatizing,1
edgeconv,1
bot,1
tramway,1
multifunctional,1
crossing,1
redundant,1
opendrive,1
topologically,1
waterway,1
subcontractor,1
activate,1
noising,1
aviation,1
identity,1
hydrologist,1
interdependent,1
moderating,1
mockup,1
destination,1
manipulation,1
assurance,1
realise,1
holisteec,1
inclusive,1
dominate,1
inconsistence,1
sociability,1
reshape,1
inhibit,1
troodo,1
interconnected,1
inhabit,1
temporally,1
redefine,1
conceptualize,1
sociology,1
moderation,1
employability,1
forum,1
annex,1
devise,1
renovate,1
declarative,1
rd,1
th,1
presence,1
almohad,1
peninsula,1
iberian,1
rampart,1
simplebim,1
energyand,1
exceptional,1
targeted,1
domotic,1
united,1
sumida,1
alter,1
mvdxml,1
distant,1
intent,1
discourse,1
variegate,1
kaleidoscope,1
enthusiast,1
con,1
enthusiasm,1
depict,1
ee,1
runtime,1
exploitable,1
underlying,1
structuring,1
navigate,1
sintony,1
affordable,1
terminology,1
vegetation,1
formative,1
overrun,1
precipitate,1
furniture,1
redefinition,1
tic,1
teach,1
unpredictable,1
distributive,1
revisit,1
voluminous,1
reluctant,1
byzantine,1
initiator,1
influential,1
percentage,1
photograph,1
hit,1
clip,1
union,1
hopefully,1
visualised,1
differently,1
iterate,1
mongodb,1
plot,1
utilise,1
mongodbs,1
harness,1
cubicle,1
board,1
symbolical,1
diagrammatic,1
emoflon,1
factual,1
driver,1
imagination,1
trough,1
arrive,1
ipcc,1
unsustainable,1
ecologie,1
diversify,1
accredit,1
sea,1
idm,1
operatively,1
institute,1
conjunction,1
passport,1
cadaster,1
audience,1
transparent,1
forthcoming,1
conclusively,1
qualitatively,1
collaboratively,1
finnoo,1
warm,1
excel,1
curation,1
combinatoric,1
german,1
odysseus,1
dpws,1
domination,1
survivability,1
centralization,1
occupy,1
unlabelle,1
individualized,1
simultaneous,1
prerequisite,1
crophull,1
herein,1
voxelize,1
enrichment,1
multisensory,1
pathology,1
programmable,1
shoreline,1
unlimited,1
grasshopper,1
producer,1
illustration,1
ruleset,1
explicit,1
unchangeable,1
lifespan,1
embrace,1
centralize,1
hitherto,1
assistant,1
ashvin,1
geolocation,1
sort,1
illustrated,1
linking,1
mutually,1
exclusive,1
toolbox,1
compete,1
sidewalk,1
arrange,1
juxtapose,1
branch,1
commission,1
agsi,1
compound,1
multimedia,1
invert,1
suppose,1
overfitte,1
naive,1
categorisation,1
speculative,1
substitute,1
unbiased,1
posteriori,1
todays,1
verifiable,1
cognition,1
hpm,1
backpropagation,1
optima,1
pitfall,1
statewide,1
spot,1
recorder,1
conscious,1
spirit,1
node,1
recipient,1
storedion,1
